subject,img_path,lbl_path,split
hippocampus_109,D:\Faizaan\AlzhimersData\MSD Dataset\Task04_Hippocampus\Processed\imagesTr\hippocampus_109.nii,D:\Faizaan\AlzhimersData\MSD Dataset\Task04_Hippocampus\Processed\labelsTr\hippocampus_109.nii,train
hippocampus_004,D:\Faizaan\AlzhimersData\MSD Dataset\Task04_Hippocampus\Processed\imagesTr\hippocampus_004.nii,D:\Faizaan\AlzhimersData\MSD Dataset\Task04_Hippocampus\Processed\labelsTr\hippocampus_004.nii,train
hippocampus_385,D:\Faizaan\AlzhimersData\MSD Dataset\Task04_Hippocampus\Processed\imagesTr\hippocampus_385.nii,D:\Faizaan\AlzhimersData\MSD Dataset\Task04_Hippocampus\Processed\labelsTr\hippocampus_385.nii,train
hippocampus_143,D:\Faizaan\AlzhimersData\MSD Dataset\Task04_Hippocampus\Processed\imagesTr\hippocampus_143.nii,D:\Faizaan\AlzhimersData\MSD Dataset\Task04_Hippocampus\Processed\labelsTr\hippocampus_143.nii,train
hippocampus_204,D:\Faizaan\AlzhimersData\MSD Dataset\Task04_Hippocampus\Processed\imagesTr\hippocampus_204.nii,D:\Faizaan\AlzhimersData\MSD Dataset\Task04_Hippocampus\Processed\labelsTr\hippocampus_204.nii,train
hippocampus_290,D:\Faizaan\AlzhimersData\MSD Dataset\Task04_Hippocampus\Processed\imagesTr\hippocampus_290.nii,D:\Faizaan\AlzhimersData\MSD Dataset\Task04_Hippocampus\Processed\labelsTr\hippocampus_290.nii,train
hippocampus_145,D:\Faizaan\AlzhimersData\MSD Dataset\Task04_Hippocampus\Processed\imagesTr\hippocampus_145.nii,D:\Faizaan\AlzhimersData\MSD Dataset\Task04_Hippocampus\Processed\labelsTr\hippocampus_145.nii,train
hippocampus_380,D:\Faizaan\AlzhimersData\MSD Dataset\Task04_Hippocampus\Processed\imagesTr\hippocampus_380.nii,D:\Faizaan\AlzhimersData\MSD Dataset\Task04_Hippocampus\Processed\labelsTr\hippocampus_380.nii,train
hippocampus_269,D:\Faizaan\AlzhimersData\MSD Dataset\Task04_Hippocampus\Processed\imagesTr\hippocampus_269.nii,D:\Faizaan\AlzhimersData\MSD Dataset\Task04_Hippocampus\Processed\labelsTr\hippocampus_269.nii,train
hippocampus_048,D:\Faizaan\AlzhimersData\MSD Dataset\Task04_Hippocampus\Processed\imagesTr\hippocampus_048.nii,D:\Faizaan\AlzhimersData\MSD Dataset\Task04_Hippocampus\Processed\labelsTr\hippocampus_048.nii,train
hippocampus_304,D:\Faizaan\AlzhimersData\MSD Dataset\Task04_Hippocampus\Processed\imagesTr\hippocampus_304.nii,D:\Faizaan\AlzhimersData\MSD Dataset\Task04_Hippocampus\Processed\labelsTr\hippocampus_304.nii,train
hippocampus_277,D:\Faizaan\AlzhimersData\MSD Dataset\Task04_Hippocampus\Processed\imagesTr\hippocampus_277.nii,D:\Faizaan\AlzhimersData\MSD Dataset\Task04_Hippocampus\Processed\labelsTr\hippocampus_277.nii,train
hippocampus_303,D:\Faizaan\AlzhimersData\MSD Dataset\Task04_Hippocampus\Processed\imagesTr\hippocampus_303.nii,D:\Faizaan\AlzhimersData\MSD Dataset\Task04_Hippocampus\Processed\labelsTr\hippocampus_303.nii,train
hippocampus_232,D:\Faizaan\AlzhimersData\MSD Dataset\Task04_Hippocampus\Processed\imagesTr\hippocampus_232.nii,D:\Faizaan\AlzhimersData\MSD Dataset\Task04_Hippocampus\Processed\labelsTr\hippocampus_232.nii,train
hippocampus_008,D:\Faizaan\AlzhimersData\MSD Dataset\Task04_Hippocampus\Processed\imagesTr\hippocampus_008.nii,D:\Faizaan\AlzhimersData\MSD Dataset\Task04_Hippocampus\Processed\labelsTr\hippocampus_008.nii,train
hippocampus_094,D:\Faizaan\AlzhimersData\MSD Dataset\Task04_Hippocampus\Processed\imagesTr\hippocampus_094.nii,D:\Faizaan\AlzhimersData\MSD Dataset\Task04_Hippocampus\Processed\labelsTr\hippocampus_094.nii,train
hippocampus_221,D:\Faizaan\AlzhimersData\MSD Dataset\Task04_Hippocampus\Processed\imagesTr\hippocampus_221.nii,D:\Faizaan\AlzhimersData\MSD Dataset\Task04_Hippocampus\Processed\labelsTr\hippocampus_221.nii,train
hippocampus_249,D:\Faizaan\AlzhimersData\MSD Dataset\Task04_Hippocampus\Processed\imagesTr\hippocampus_249.nii,D:\Faizaan\AlzhimersData\MSD Dataset\Task04_Hippocampus\Processed\labelsTr\hippocampus_249.nii,train
hippocampus_230,D:\Faizaan\AlzhimersData\MSD Dataset\Task04_Hippocampus\Processed\imagesTr\hippocampus_230.nii,D:\Faizaan\AlzhimersData\MSD Dataset\Task04_Hippocampus\Processed\labelsTr\hippocampus_230.nii,train
hippocampus_105,D:\Faizaan\AlzhimersData\MSD Dataset\Task04_Hippocampus\Processed\imagesTr\hippocampus_105.nii,D:\Faizaan\AlzhimersData\MSD Dataset\Task04_Hippocampus\Processed\labelsTr\hippocampus_105.nii,train
hippocampus_227,D:\Faizaan\AlzhimersData\MSD Dataset\Task04_Hippocampus\Processed\imagesTr\hippocampus_227.nii,D:\Faizaan\AlzhimersData\MSD Dataset\Task04_Hippocampus\Processed\labelsTr\hippocampus_227.nii,train
hippocampus_144,D:\Faizaan\AlzhimersData\MSD Dataset\Task04_Hippocampus\Processed\imagesTr\hippocampus_144.nii,D:\Faizaan\AlzhimersData\MSD Dataset\Task04_Hippocampus\Processed\labelsTr\hippocampus_144.nii,train
hippocampus_341,D:\Faizaan\AlzhimersData\MSD Dataset\Task04_Hippocampus\Processed\imagesTr\hippocampus_341.nii,D:\Faizaan\AlzhimersData\MSD Dataset\Task04_Hippocampus\Processed\labelsTr\hippocampus_341.nii,train
hippocampus_331,D:\Faizaan\AlzhimersData\MSD Dataset\Task04_Hippocampus\Processed\imagesTr\hippocampus_331.nii,D:\Faizaan\AlzhimersData\MSD Dataset\Task04_Hippocampus\Processed\labelsTr\hippocampus_331.nii,train
hippocampus_050,D:\Faizaan\AlzhimersData\MSD Dataset\Task04_Hippocampus\Processed\imagesTr\hippocampus_050.nii,D:\Faizaan\AlzhimersData\MSD Dataset\Task04_Hippocampus\Processed\labelsTr\hippocampus_050.nii,train
hippocampus_023,D:\Faizaan\AlzhimersData\MSD Dataset\Task04_Hippocampus\Processed\imagesTr\hippocampus_023.nii,D:\Faizaan\AlzhimersData\MSD Dataset\Task04_Hippocampus\Processed\labelsTr\hippocampus_023.nii,train
hippocampus_056,D:\Faizaan\AlzhimersData\MSD Dataset\Task04_Hippocampus\Processed\imagesTr\hippocampus_056.nii,D:\Faizaan\AlzhimersData\MSD Dataset\Task04_Hippocampus\Processed\labelsTr\hippocampus_056.nii,train
hippocampus_046,D:\Faizaan\AlzhimersData\MSD Dataset\Task04_Hippocampus\Processed\imagesTr\hippocampus_046.nii,D:\Faizaan\AlzhimersData\MSD Dataset\Task04_Hippocampus\Processed\labelsTr\hippocampus_046.nii,train
hippocampus_068,D:\Faizaan\AlzhimersData\MSD Dataset\Task04_Hippocampus\Processed\imagesTr\hippocampus_068.nii,D:\Faizaan\AlzhimersData\MSD Dataset\Task04_Hippocampus\Processed\labelsTr\hippocampus_068.nii,train
hippocampus_197,D:\Faizaan\AlzhimersData\MSD Dataset\Task04_Hippocampus\Processed\imagesTr\hippocampus_197.nii,D:\Faizaan\AlzhimersData\MSD Dataset\Task04_Hippocampus\Processed\labelsTr\hippocampus_197.nii,train
hippocampus_173,D:\Faizaan\AlzhimersData\MSD Dataset\Task04_Hippocampus\Processed\imagesTr\hippocampus_173.nii,D:\Faizaan\AlzhimersData\MSD Dataset\Task04_Hippocampus\Processed\labelsTr\hippocampus_173.nii,train
hippocampus_185,D:\Faizaan\AlzhimersData\MSD Dataset\Task04_Hippocampus\Processed\imagesTr\hippocampus_185.nii,D:\Faizaan\AlzhimersData\MSD Dataset\Task04_Hippocampus\Processed\labelsTr\hippocampus_185.nii,train
hippocampus_039,D:\Faizaan\AlzhimersData\MSD Dataset\Task04_Hippocampus\Processed\imagesTr\hippocampus_039.nii,D:\Faizaan\AlzhimersData\MSD Dataset\Task04_Hippocampus\Processed\labelsTr\hippocampus_039.nii,train
hippocampus_215,D:\Faizaan\AlzhimersData\MSD Dataset\Task04_Hippocampus\Processed\imagesTr\hippocampus_215.nii,D:\Faizaan\AlzhimersData\MSD Dataset\Task04_Hippocampus\Processed\labelsTr\hippocampus_215.nii,train
hippocampus_155,D:\Faizaan\AlzhimersData\MSD Dataset\Task04_Hippocampus\Processed\imagesTr\hippocampus_155.nii,D:\Faizaan\AlzhimersData\MSD Dataset\Task04_Hippocampus\Processed\labelsTr\hippocampus_155.nii,train
hippocampus_282,D:\Faizaan\AlzhimersData\MSD Dataset\Task04_Hippocampus\Processed\imagesTr\hippocampus_282.nii,D:\Faizaan\AlzhimersData\MSD Dataset\Task04_Hippocampus\Processed\labelsTr\hippocampus_282.nii,train
hippocampus_188,D:\Faizaan\AlzhimersData\MSD Dataset\Task04_Hippocampus\Processed\imagesTr\hippocampus_188.nii,D:\Faizaan\AlzhimersData\MSD Dataset\Task04_Hippocampus\Processed\labelsTr\hippocampus_188.nii,train
hippocampus_089,D:\Faizaan\AlzhimersData\MSD Dataset\Task04_Hippocampus\Processed\imagesTr\hippocampus_089.nii,D:\Faizaan\AlzhimersData\MSD Dataset\Task04_Hippocampus\Processed\labelsTr\hippocampus_089.nii,train
hippocampus_177,D:\Faizaan\AlzhimersData\MSD Dataset\Task04_Hippocampus\Processed\imagesTr\hippocampus_177.nii,D:\Faizaan\AlzhimersData\MSD Dataset\Task04_Hippocampus\Processed\labelsTr\hippocampus_177.nii,train
hippocampus_257,D:\Faizaan\AlzhimersData\MSD Dataset\Task04_Hippocampus\Processed\imagesTr\hippocampus_257.nii,D:\Faizaan\AlzhimersData\MSD Dataset\Task04_Hippocampus\Processed\labelsTr\hippocampus_257.nii,train
hippocampus_157,D:\Faizaan\AlzhimersData\MSD Dataset\Task04_Hippocampus\Processed\imagesTr\hippocampus_157.nii,D:\Faizaan\AlzhimersData\MSD Dataset\Task04_Hippocampus\Processed\labelsTr\hippocampus_157.nii,train
hippocampus_372,D:\Faizaan\AlzhimersData\MSD Dataset\Task04_Hippocampus\Processed\imagesTr\hippocampus_372.nii,D:\Faizaan\AlzhimersData\MSD Dataset\Task04_Hippocampus\Processed\labelsTr\hippocampus_372.nii,train
hippocampus_325,D:\Faizaan\AlzhimersData\MSD Dataset\Task04_Hippocampus\Processed\imagesTr\hippocampus_325.nii,D:\Faizaan\AlzhimersData\MSD Dataset\Task04_Hippocampus\Processed\labelsTr\hippocampus_325.nii,train
hippocampus_130,D:\Faizaan\AlzhimersData\MSD Dataset\Task04_Hippocampus\Processed\imagesTr\hippocampus_130.nii,D:\Faizaan\AlzhimersData\MSD Dataset\Task04_Hippocampus\Processed\labelsTr\hippocampus_130.nii,train
hippocampus_067,D:\Faizaan\AlzhimersData\MSD Dataset\Task04_Hippocampus\Processed\imagesTr\hippocampus_067.nii,D:\Faizaan\AlzhimersData\MSD Dataset\Task04_Hippocampus\Processed\labelsTr\hippocampus_067.nii,train
hippocampus_309,D:\Faizaan\AlzhimersData\MSD Dataset\Task04_Hippocampus\Processed\imagesTr\hippocampus_309.nii,D:\Faizaan\AlzhimersData\MSD Dataset\Task04_Hippocampus\Processed\labelsTr\hippocampus_309.nii,train
hippocampus_353,D:\Faizaan\AlzhimersData\MSD Dataset\Task04_Hippocampus\Processed\imagesTr\hippocampus_353.nii,D:\Faizaan\AlzhimersData\MSD Dataset\Task04_Hippocampus\Processed\labelsTr\hippocampus_353.nii,train
hippocampus_133,D:\Faizaan\AlzhimersData\MSD Dataset\Task04_Hippocampus\Processed\imagesTr\hippocampus_133.nii,D:\Faizaan\AlzhimersData\MSD Dataset\Task04_Hippocampus\Processed\labelsTr\hippocampus_133.nii,train
hippocampus_243,D:\Faizaan\AlzhimersData\MSD Dataset\Task04_Hippocampus\Processed\imagesTr\hippocampus_243.nii,D:\Faizaan\AlzhimersData\MSD Dataset\Task04_Hippocampus\Processed\labelsTr\hippocampus_243.nii,train
hippocampus_044,D:\Faizaan\AlzhimersData\MSD Dataset\Task04_Hippocampus\Processed\imagesTr\hippocampus_044.nii,D:\Faizaan\AlzhimersData\MSD Dataset\Task04_Hippocampus\Processed\labelsTr\hippocampus_044.nii,train
hippocampus_386,D:\Faizaan\AlzhimersData\MSD Dataset\Task04_Hippocampus\Processed\imagesTr\hippocampus_386.nii,D:\Faizaan\AlzhimersData\MSD Dataset\Task04_Hippocampus\Processed\labelsTr\hippocampus_386.nii,train
hippocampus_279,D:\Faizaan\AlzhimersData\MSD Dataset\Task04_Hippocampus\Processed\imagesTr\hippocampus_279.nii,D:\Faizaan\AlzhimersData\MSD Dataset\Task04_Hippocampus\Processed\labelsTr\hippocampus_279.nii,train
hippocampus_001,D:\Faizaan\AlzhimersData\MSD Dataset\Task04_Hippocampus\Processed\imagesTr\hippocampus_001.nii,D:\Faizaan\AlzhimersData\MSD Dataset\Task04_Hippocampus\Processed\labelsTr\hippocampus_001.nii,train
hippocampus_383,D:\Faizaan\AlzhimersData\MSD Dataset\Task04_Hippocampus\Processed\imagesTr\hippocampus_383.nii,D:\Faizaan\AlzhimersData\MSD Dataset\Task04_Hippocampus\Processed\labelsTr\hippocampus_383.nii,train
hippocampus_163,D:\Faizaan\AlzhimersData\MSD Dataset\Task04_Hippocampus\Processed\imagesTr\hippocampus_163.nii,D:\Faizaan\AlzhimersData\MSD Dataset\Task04_Hippocampus\Processed\labelsTr\hippocampus_163.nii,train
hippocampus_389,D:\Faizaan\AlzhimersData\MSD Dataset\Task04_Hippocampus\Processed\imagesTr\hippocampus_389.nii,D:\Faizaan\AlzhimersData\MSD Dataset\Task04_Hippocampus\Processed\labelsTr\hippocampus_389.nii,train
hippocampus_292,D:\Faizaan\AlzhimersData\MSD Dataset\Task04_Hippocampus\Processed\imagesTr\hippocampus_292.nii,D:\Faizaan\AlzhimersData\MSD Dataset\Task04_Hippocampus\Processed\labelsTr\hippocampus_292.nii,train
hippocampus_161,D:\Faizaan\AlzhimersData\MSD Dataset\Task04_Hippocampus\Processed\imagesTr\hippocampus_161.nii,D:\Faizaan\AlzhimersData\MSD Dataset\Task04_Hippocampus\Processed\labelsTr\hippocampus_161.nii,train
hippocampus_057,D:\Faizaan\AlzhimersData\MSD Dataset\Task04_Hippocampus\Processed\imagesTr\hippocampus_057.nii,D:\Faizaan\AlzhimersData\MSD Dataset\Task04_Hippocampus\Processed\labelsTr\hippocampus_057.nii,train
hippocampus_099,D:\Faizaan\AlzhimersData\MSD Dataset\Task04_Hippocampus\Processed\imagesTr\hippocampus_099.nii,D:\Faizaan\AlzhimersData\MSD Dataset\Task04_Hippocampus\Processed\labelsTr\hippocampus_099.nii,train
hippocampus_356,D:\Faizaan\AlzhimersData\MSD Dataset\Task04_Hippocampus\Processed\imagesTr\hippocampus_356.nii,D:\Faizaan\AlzhimersData\MSD Dataset\Task04_Hippocampus\Processed\labelsTr\hippocampus_356.nii,train
hippocampus_231,D:\Faizaan\AlzhimersData\MSD Dataset\Task04_Hippocampus\Processed\imagesTr\hippocampus_231.nii,D:\Faizaan\AlzhimersData\MSD Dataset\Task04_Hippocampus\Processed\labelsTr\hippocampus_231.nii,train
hippocampus_020,D:\Faizaan\AlzhimersData\MSD Dataset\Task04_Hippocampus\Processed\imagesTr\hippocampus_020.nii,D:\Faizaan\AlzhimersData\MSD Dataset\Task04_Hippocampus\Processed\labelsTr\hippocampus_020.nii,train
hippocampus_390,D:\Faizaan\AlzhimersData\MSD Dataset\Task04_Hippocampus\Processed\imagesTr\hippocampus_390.nii,D:\Faizaan\AlzhimersData\MSD Dataset\Task04_Hippocampus\Processed\labelsTr\hippocampus_390.nii,train
hippocampus_322,D:\Faizaan\AlzhimersData\MSD Dataset\Task04_Hippocampus\Processed\imagesTr\hippocampus_322.nii,D:\Faizaan\AlzhimersData\MSD Dataset\Task04_Hippocampus\Processed\labelsTr\hippocampus_322.nii,train
hippocampus_045,D:\Faizaan\AlzhimersData\MSD Dataset\Task04_Hippocampus\Processed\imagesTr\hippocampus_045.nii,D:\Faizaan\AlzhimersData\MSD Dataset\Task04_Hippocampus\Processed\labelsTr\hippocampus_045.nii,train
hippocampus_252,D:\Faizaan\AlzhimersData\MSD Dataset\Task04_Hippocampus\Processed\imagesTr\hippocampus_252.nii,D:\Faizaan\AlzhimersData\MSD Dataset\Task04_Hippocampus\Processed\labelsTr\hippocampus_252.nii,train
hippocampus_007,D:\Faizaan\AlzhimersData\MSD Dataset\Task04_Hippocampus\Processed\imagesTr\hippocampus_007.nii,D:\Faizaan\AlzhimersData\MSD Dataset\Task04_Hippocampus\Processed\labelsTr\hippocampus_007.nii,train
hippocampus_194,D:\Faizaan\AlzhimersData\MSD Dataset\Task04_Hippocampus\Processed\imagesTr\hippocampus_194.nii,D:\Faizaan\AlzhimersData\MSD Dataset\Task04_Hippocampus\Processed\labelsTr\hippocampus_194.nii,train
hippocampus_051,D:\Faizaan\AlzhimersData\MSD Dataset\Task04_Hippocampus\Processed\imagesTr\hippocampus_051.nii,D:\Faizaan\AlzhimersData\MSD Dataset\Task04_Hippocampus\Processed\labelsTr\hippocampus_051.nii,train
hippocampus_236,D:\Faizaan\AlzhimersData\MSD Dataset\Task04_Hippocampus\Processed\imagesTr\hippocampus_236.nii,D:\Faizaan\AlzhimersData\MSD Dataset\Task04_Hippocampus\Processed\labelsTr\hippocampus_236.nii,train
hippocampus_301,D:\Faizaan\AlzhimersData\MSD Dataset\Task04_Hippocampus\Processed\imagesTr\hippocampus_301.nii,D:\Faizaan\AlzhimersData\MSD Dataset\Task04_Hippocampus\Processed\labelsTr\hippocampus_301.nii,train
hippocampus_222,D:\Faizaan\AlzhimersData\MSD Dataset\Task04_Hippocampus\Processed\imagesTr\hippocampus_222.nii,D:\Faizaan\AlzhimersData\MSD Dataset\Task04_Hippocampus\Processed\labelsTr\hippocampus_222.nii,train
hippocampus_101,D:\Faizaan\AlzhimersData\MSD Dataset\Task04_Hippocampus\Processed\imagesTr\hippocampus_101.nii,D:\Faizaan\AlzhimersData\MSD Dataset\Task04_Hippocampus\Processed\labelsTr\hippocampus_101.nii,train
hippocampus_219,D:\Faizaan\AlzhimersData\MSD Dataset\Task04_Hippocampus\Processed\imagesTr\hippocampus_219.nii,D:\Faizaan\AlzhimersData\MSD Dataset\Task04_Hippocampus\Processed\labelsTr\hippocampus_219.nii,train
hippocampus_205,D:\Faizaan\AlzhimersData\MSD Dataset\Task04_Hippocampus\Processed\imagesTr\hippocampus_205.nii,D:\Faizaan\AlzhimersData\MSD Dataset\Task04_Hippocampus\Processed\labelsTr\hippocampus_205.nii,train
hippocampus_363,D:\Faizaan\AlzhimersData\MSD Dataset\Task04_Hippocampus\Processed\imagesTr\hippocampus_363.nii,D:\Faizaan\AlzhimersData\MSD Dataset\Task04_Hippocampus\Processed\labelsTr\hippocampus_363.nii,train
hippocampus_310,D:\Faizaan\AlzhimersData\MSD Dataset\Task04_Hippocampus\Processed\imagesTr\hippocampus_310.nii,D:\Faizaan\AlzhimersData\MSD Dataset\Task04_Hippocampus\Processed\labelsTr\hippocampus_310.nii,train
hippocampus_114,D:\Faizaan\AlzhimersData\MSD Dataset\Task04_Hippocampus\Processed\imagesTr\hippocampus_114.nii,D:\Faizaan\AlzhimersData\MSD Dataset\Task04_Hippocampus\Processed\labelsTr\hippocampus_114.nii,train
hippocampus_378,D:\Faizaan\AlzhimersData\MSD Dataset\Task04_Hippocampus\Processed\imagesTr\hippocampus_378.nii,D:\Faizaan\AlzhimersData\MSD Dataset\Task04_Hippocampus\Processed\labelsTr\hippocampus_378.nii,train
hippocampus_104,D:\Faizaan\AlzhimersData\MSD Dataset\Task04_Hippocampus\Processed\imagesTr\hippocampus_104.nii,D:\Faizaan\AlzhimersData\MSD Dataset\Task04_Hippocampus\Processed\labelsTr\hippocampus_104.nii,train
hippocampus_074,D:\Faizaan\AlzhimersData\MSD Dataset\Task04_Hippocampus\Processed\imagesTr\hippocampus_074.nii,D:\Faizaan\AlzhimersData\MSD Dataset\Task04_Hippocampus\Processed\labelsTr\hippocampus_074.nii,train
hippocampus_265,D:\Faizaan\AlzhimersData\MSD Dataset\Task04_Hippocampus\Processed\imagesTr\hippocampus_265.nii,D:\Faizaan\AlzhimersData\MSD Dataset\Task04_Hippocampus\Processed\labelsTr\hippocampus_265.nii,train
hippocampus_244,D:\Faizaan\AlzhimersData\MSD Dataset\Task04_Hippocampus\Processed\imagesTr\hippocampus_244.nii,D:\Faizaan\AlzhimersData\MSD Dataset\Task04_Hippocampus\Processed\labelsTr\hippocampus_244.nii,train
hippocampus_065,D:\Faizaan\AlzhimersData\MSD Dataset\Task04_Hippocampus\Processed\imagesTr\hippocampus_065.nii,D:\Faizaan\AlzhimersData\MSD Dataset\Task04_Hippocampus\Processed\labelsTr\hippocampus_065.nii,train
hippocampus_195,D:\Faizaan\AlzhimersData\MSD Dataset\Task04_Hippocampus\Processed\imagesTr\hippocampus_195.nii,D:\Faizaan\AlzhimersData\MSD Dataset\Task04_Hippocampus\Processed\labelsTr\hippocampus_195.nii,train
hippocampus_238,D:\Faizaan\AlzhimersData\MSD Dataset\Task04_Hippocampus\Processed\imagesTr\hippocampus_238.nii,D:\Faizaan\AlzhimersData\MSD Dataset\Task04_Hippocampus\Processed\labelsTr\hippocampus_238.nii,train
hippocampus_040,D:\Faizaan\AlzhimersData\MSD Dataset\Task04_Hippocampus\Processed\imagesTr\hippocampus_040.nii,D:\Faizaan\AlzhimersData\MSD Dataset\Task04_Hippocampus\Processed\labelsTr\hippocampus_040.nii,train
hippocampus_308,D:\Faizaan\AlzhimersData\MSD Dataset\Task04_Hippocampus\Processed\imagesTr\hippocampus_308.nii,D:\Faizaan\AlzhimersData\MSD Dataset\Task04_Hippocampus\Processed\labelsTr\hippocampus_308.nii,train
hippocampus_302,D:\Faizaan\AlzhimersData\MSD Dataset\Task04_Hippocampus\Processed\imagesTr\hippocampus_302.nii,D:\Faizaan\AlzhimersData\MSD Dataset\Task04_Hippocampus\Processed\labelsTr\hippocampus_302.nii,train
hippocampus_138,D:\Faizaan\AlzhimersData\MSD Dataset\Task04_Hippocampus\Processed\imagesTr\hippocampus_138.nii,D:\Faizaan\AlzhimersData\MSD Dataset\Task04_Hippocampus\Processed\labelsTr\hippocampus_138.nii,train
hippocampus_064,D:\Faizaan\AlzhimersData\MSD Dataset\Task04_Hippocampus\Processed\imagesTr\hippocampus_064.nii,D:\Faizaan\AlzhimersData\MSD Dataset\Task04_Hippocampus\Processed\labelsTr\hippocampus_064.nii,train
hippocampus_338,D:\Faizaan\AlzhimersData\MSD Dataset\Task04_Hippocampus\Processed\imagesTr\hippocampus_338.nii,D:\Faizaan\AlzhimersData\MSD Dataset\Task04_Hippocampus\Processed\labelsTr\hippocampus_338.nii,train
hippocampus_083,D:\Faizaan\AlzhimersData\MSD Dataset\Task04_Hippocampus\Processed\imagesTr\hippocampus_083.nii,D:\Faizaan\AlzhimersData\MSD Dataset\Task04_Hippocampus\Processed\labelsTr\hippocampus_083.nii,train
hippocampus_156,D:\Faizaan\AlzhimersData\MSD Dataset\Task04_Hippocampus\Processed\imagesTr\hippocampus_156.nii,D:\Faizaan\AlzhimersData\MSD Dataset\Task04_Hippocampus\Processed\labelsTr\hippocampus_156.nii,train
hippocampus_311,D:\Faizaan\AlzhimersData\MSD Dataset\Task04_Hippocampus\Processed\imagesTr\hippocampus_311.nii,D:\Faizaan\AlzhimersData\MSD Dataset\Task04_Hippocampus\Processed\labelsTr\hippocampus_311.nii,train
hippocampus_251,D:\Faizaan\AlzhimersData\MSD Dataset\Task04_Hippocampus\Processed\imagesTr\hippocampus_251.nii,D:\Faizaan\AlzhimersData\MSD Dataset\Task04_Hippocampus\Processed\labelsTr\hippocampus_251.nii,train
hippocampus_070,D:\Faizaan\AlzhimersData\MSD Dataset\Task04_Hippocampus\Processed\imagesTr\hippocampus_070.nii,D:\Faizaan\AlzhimersData\MSD Dataset\Task04_Hippocampus\Processed\labelsTr\hippocampus_070.nii,train
hippocampus_229,D:\Faizaan\AlzhimersData\MSD Dataset\Task04_Hippocampus\Processed\imagesTr\hippocampus_229.nii,D:\Faizaan\AlzhimersData\MSD Dataset\Task04_Hippocampus\Processed\labelsTr\hippocampus_229.nii,train
hippocampus_287,D:\Faizaan\AlzhimersData\MSD Dataset\Task04_Hippocampus\Processed\imagesTr\hippocampus_287.nii,D:\Faizaan\AlzhimersData\MSD Dataset\Task04_Hippocampus\Processed\labelsTr\hippocampus_287.nii,train
hippocampus_006,D:\Faizaan\AlzhimersData\MSD Dataset\Task04_Hippocampus\Processed\imagesTr\hippocampus_006.nii,D:\Faizaan\AlzhimersData\MSD Dataset\Task04_Hippocampus\Processed\labelsTr\hippocampus_006.nii,train
hippocampus_170,D:\Faizaan\AlzhimersData\MSD Dataset\Task04_Hippocampus\Processed\imagesTr\hippocampus_170.nii,D:\Faizaan\AlzhimersData\MSD Dataset\Task04_Hippocampus\Processed\labelsTr\hippocampus_170.nii,train
hippocampus_091,D:\Faizaan\AlzhimersData\MSD Dataset\Task04_Hippocampus\Processed\imagesTr\hippocampus_091.nii,D:\Faizaan\AlzhimersData\MSD Dataset\Task04_Hippocampus\Processed\labelsTr\hippocampus_091.nii,train
hippocampus_216,D:\Faizaan\AlzhimersData\MSD Dataset\Task04_Hippocampus\Processed\imagesTr\hippocampus_216.nii,D:\Faizaan\AlzhimersData\MSD Dataset\Task04_Hippocampus\Processed\labelsTr\hippocampus_216.nii,train
hippocampus_366,D:\Faizaan\AlzhimersData\MSD Dataset\Task04_Hippocampus\Processed\imagesTr\hippocampus_366.nii,D:\Faizaan\AlzhimersData\MSD Dataset\Task04_Hippocampus\Processed\labelsTr\hippocampus_366.nii,train
hippocampus_352,D:\Faizaan\AlzhimersData\MSD Dataset\Task04_Hippocampus\Processed\imagesTr\hippocampus_352.nii,D:\Faizaan\AlzhimersData\MSD Dataset\Task04_Hippocampus\Processed\labelsTr\hippocampus_352.nii,train
hippocampus_373,D:\Faizaan\AlzhimersData\MSD Dataset\Task04_Hippocampus\Processed\imagesTr\hippocampus_373.nii,D:\Faizaan\AlzhimersData\MSD Dataset\Task04_Hippocampus\Processed\labelsTr\hippocampus_373.nii,train
hippocampus_087,D:\Faizaan\AlzhimersData\MSD Dataset\Task04_Hippocampus\Processed\imagesTr\hippocampus_087.nii,D:\Faizaan\AlzhimersData\MSD Dataset\Task04_Hippocampus\Processed\labelsTr\hippocampus_087.nii,train
hippocampus_253,D:\Faizaan\AlzhimersData\MSD Dataset\Task04_Hippocampus\Processed\imagesTr\hippocampus_253.nii,D:\Faizaan\AlzhimersData\MSD Dataset\Task04_Hippocampus\Processed\labelsTr\hippocampus_253.nii,train
hippocampus_136,D:\Faizaan\AlzhimersData\MSD Dataset\Task04_Hippocampus\Processed\imagesTr\hippocampus_136.nii,D:\Faizaan\AlzhimersData\MSD Dataset\Task04_Hippocampus\Processed\labelsTr\hippocampus_136.nii,train
hippocampus_053,D:\Faizaan\AlzhimersData\MSD Dataset\Task04_Hippocampus\Processed\imagesTr\hippocampus_053.nii,D:\Faizaan\AlzhimersData\MSD Dataset\Task04_Hippocampus\Processed\labelsTr\hippocampus_053.nii,train
hippocampus_332,D:\Faizaan\AlzhimersData\MSD Dataset\Task04_Hippocampus\Processed\imagesTr\hippocampus_332.nii,D:\Faizaan\AlzhimersData\MSD Dataset\Task04_Hippocampus\Processed\labelsTr\hippocampus_332.nii,train
hippocampus_014,D:\Faizaan\AlzhimersData\MSD Dataset\Task04_Hippocampus\Processed\imagesTr\hippocampus_014.nii,D:\Faizaan\AlzhimersData\MSD Dataset\Task04_Hippocampus\Processed\labelsTr\hippocampus_014.nii,train
hippocampus_268,D:\Faizaan\AlzhimersData\MSD Dataset\Task04_Hippocampus\Processed\imagesTr\hippocampus_268.nii,D:\Faizaan\AlzhimersData\MSD Dataset\Task04_Hippocampus\Processed\labelsTr\hippocampus_268.nii,train
hippocampus_337,D:\Faizaan\AlzhimersData\MSD Dataset\Task04_Hippocampus\Processed\imagesTr\hippocampus_337.nii,D:\Faizaan\AlzhimersData\MSD Dataset\Task04_Hippocampus\Processed\labelsTr\hippocampus_337.nii,train
hippocampus_175,D:\Faizaan\AlzhimersData\MSD Dataset\Task04_Hippocampus\Processed\imagesTr\hippocampus_175.nii,D:\Faizaan\AlzhimersData\MSD Dataset\Task04_Hippocampus\Processed\labelsTr\hippocampus_175.nii,train
hippocampus_152,D:\Faizaan\AlzhimersData\MSD Dataset\Task04_Hippocampus\Processed\imagesTr\hippocampus_152.nii,D:\Faizaan\AlzhimersData\MSD Dataset\Task04_Hippocampus\Processed\labelsTr\hippocampus_152.nii,train
hippocampus_142,D:\Faizaan\AlzhimersData\MSD Dataset\Task04_Hippocampus\Processed\imagesTr\hippocampus_142.nii,D:\Faizaan\AlzhimersData\MSD Dataset\Task04_Hippocampus\Processed\labelsTr\hippocampus_142.nii,train
hippocampus_361,D:\Faizaan\AlzhimersData\MSD Dataset\Task04_Hippocampus\Processed\imagesTr\hippocampus_361.nii,D:\Faizaan\AlzhimersData\MSD Dataset\Task04_Hippocampus\Processed\labelsTr\hippocampus_361.nii,train
hippocampus_367,D:\Faizaan\AlzhimersData\MSD Dataset\Task04_Hippocampus\Processed\imagesTr\hippocampus_367.nii,D:\Faizaan\AlzhimersData\MSD Dataset\Task04_Hippocampus\Processed\labelsTr\hippocampus_367.nii,train
hippocampus_149,D:\Faizaan\AlzhimersData\MSD Dataset\Task04_Hippocampus\Processed\imagesTr\hippocampus_149.nii,D:\Faizaan\AlzhimersData\MSD Dataset\Task04_Hippocampus\Processed\labelsTr\hippocampus_149.nii,train
hippocampus_015,D:\Faizaan\AlzhimersData\MSD Dataset\Task04_Hippocampus\Processed\imagesTr\hippocampus_015.nii,D:\Faizaan\AlzhimersData\MSD Dataset\Task04_Hippocampus\Processed\labelsTr\hippocampus_015.nii,train
hippocampus_024,D:\Faizaan\AlzhimersData\MSD Dataset\Task04_Hippocampus\Processed\imagesTr\hippocampus_024.nii,D:\Faizaan\AlzhimersData\MSD Dataset\Task04_Hippocampus\Processed\labelsTr\hippocampus_024.nii,train
hippocampus_097,D:\Faizaan\AlzhimersData\MSD Dataset\Task04_Hippocampus\Processed\imagesTr\hippocampus_097.nii,D:\Faizaan\AlzhimersData\MSD Dataset\Task04_Hippocampus\Processed\labelsTr\hippocampus_097.nii,train
hippocampus_349,D:\Faizaan\AlzhimersData\MSD Dataset\Task04_Hippocampus\Processed\imagesTr\hippocampus_349.nii,D:\Faizaan\AlzhimersData\MSD Dataset\Task04_Hippocampus\Processed\labelsTr\hippocampus_349.nii,train
hippocampus_212,D:\Faizaan\AlzhimersData\MSD Dataset\Task04_Hippocampus\Processed\imagesTr\hippocampus_212.nii,D:\Faizaan\AlzhimersData\MSD Dataset\Task04_Hippocampus\Processed\labelsTr\hippocampus_212.nii,train
hippocampus_034,D:\Faizaan\AlzhimersData\MSD Dataset\Task04_Hippocampus\Processed\imagesTr\hippocampus_034.nii,D:\Faizaan\AlzhimersData\MSD Dataset\Task04_Hippocampus\Processed\labelsTr\hippocampus_034.nii,train
hippocampus_260,D:\Faizaan\AlzhimersData\MSD Dataset\Task04_Hippocampus\Processed\imagesTr\hippocampus_260.nii,D:\Faizaan\AlzhimersData\MSD Dataset\Task04_Hippocampus\Processed\labelsTr\hippocampus_260.nii,train
hippocampus_124,D:\Faizaan\AlzhimersData\MSD Dataset\Task04_Hippocampus\Processed\imagesTr\hippocampus_124.nii,D:\Faizaan\AlzhimersData\MSD Dataset\Task04_Hippocampus\Processed\labelsTr\hippocampus_124.nii,train
hippocampus_354,D:\Faizaan\AlzhimersData\MSD Dataset\Task04_Hippocampus\Processed\imagesTr\hippocampus_354.nii,D:\Faizaan\AlzhimersData\MSD Dataset\Task04_Hippocampus\Processed\labelsTr\hippocampus_354.nii,train
hippocampus_217,D:\Faizaan\AlzhimersData\MSD Dataset\Task04_Hippocampus\Processed\imagesTr\hippocampus_217.nii,D:\Faizaan\AlzhimersData\MSD Dataset\Task04_Hippocampus\Processed\labelsTr\hippocampus_217.nii,train
hippocampus_381,D:\Faizaan\AlzhimersData\MSD Dataset\Task04_Hippocampus\Processed\imagesTr\hippocampus_381.nii,D:\Faizaan\AlzhimersData\MSD Dataset\Task04_Hippocampus\Processed\labelsTr\hippocampus_381.nii,train
hippocampus_370,D:\Faizaan\AlzhimersData\MSD Dataset\Task04_Hippocampus\Processed\imagesTr\hippocampus_370.nii,D:\Faizaan\AlzhimersData\MSD Dataset\Task04_Hippocampus\Processed\labelsTr\hippocampus_370.nii,train
hippocampus_102,D:\Faizaan\AlzhimersData\MSD Dataset\Task04_Hippocampus\Processed\imagesTr\hippocampus_102.nii,D:\Faizaan\AlzhimersData\MSD Dataset\Task04_Hippocampus\Processed\labelsTr\hippocampus_102.nii,train
hippocampus_092,D:\Faizaan\AlzhimersData\MSD Dataset\Task04_Hippocampus\Processed\imagesTr\hippocampus_092.nii,D:\Faizaan\AlzhimersData\MSD Dataset\Task04_Hippocampus\Processed\labelsTr\hippocampus_092.nii,train
hippocampus_172,D:\Faizaan\AlzhimersData\MSD Dataset\Task04_Hippocampus\Processed\imagesTr\hippocampus_172.nii,D:\Faizaan\AlzhimersData\MSD Dataset\Task04_Hippocampus\Processed\labelsTr\hippocampus_172.nii,train
hippocampus_088,D:\Faizaan\AlzhimersData\MSD Dataset\Task04_Hippocampus\Processed\imagesTr\hippocampus_088.nii,D:\Faizaan\AlzhimersData\MSD Dataset\Task04_Hippocampus\Processed\labelsTr\hippocampus_088.nii,train
hippocampus_333,D:\Faizaan\AlzhimersData\MSD Dataset\Task04_Hippocampus\Processed\imagesTr\hippocampus_333.nii,D:\Faizaan\AlzhimersData\MSD Dataset\Task04_Hippocampus\Processed\labelsTr\hippocampus_333.nii,train
hippocampus_276,D:\Faizaan\AlzhimersData\MSD Dataset\Task04_Hippocampus\Processed\imagesTr\hippocampus_276.nii,D:\Faizaan\AlzhimersData\MSD Dataset\Task04_Hippocampus\Processed\labelsTr\hippocampus_276.nii,train
hippocampus_343,D:\Faizaan\AlzhimersData\MSD Dataset\Task04_Hippocampus\Processed\imagesTr\hippocampus_343.nii,D:\Faizaan\AlzhimersData\MSD Dataset\Task04_Hippocampus\Processed\labelsTr\hippocampus_343.nii,train
hippocampus_298,D:\Faizaan\AlzhimersData\MSD Dataset\Task04_Hippocampus\Processed\imagesTr\hippocampus_298.nii,D:\Faizaan\AlzhimersData\MSD Dataset\Task04_Hippocampus\Processed\labelsTr\hippocampus_298.nii,train
hippocampus_025,D:\Faizaan\AlzhimersData\MSD Dataset\Task04_Hippocampus\Processed\imagesTr\hippocampus_025.nii,D:\Faizaan\AlzhimersData\MSD Dataset\Task04_Hippocampus\Processed\labelsTr\hippocampus_025.nii,train
hippocampus_321,D:\Faizaan\AlzhimersData\MSD Dataset\Task04_Hippocampus\Processed\imagesTr\hippocampus_321.nii,D:\Faizaan\AlzhimersData\MSD Dataset\Task04_Hippocampus\Processed\labelsTr\hippocampus_321.nii,train
hippocampus_355,D:\Faizaan\AlzhimersData\MSD Dataset\Task04_Hippocampus\Processed\imagesTr\hippocampus_355.nii,D:\Faizaan\AlzhimersData\MSD Dataset\Task04_Hippocampus\Processed\labelsTr\hippocampus_355.nii,train
hippocampus_335,D:\Faizaan\AlzhimersData\MSD Dataset\Task04_Hippocampus\Processed\imagesTr\hippocampus_335.nii,D:\Faizaan\AlzhimersData\MSD Dataset\Task04_Hippocampus\Processed\labelsTr\hippocampus_335.nii,train
hippocampus_264,D:\Faizaan\AlzhimersData\MSD Dataset\Task04_Hippocampus\Processed\imagesTr\hippocampus_264.nii,D:\Faizaan\AlzhimersData\MSD Dataset\Task04_Hippocampus\Processed\labelsTr\hippocampus_264.nii,train
hippocampus_096,D:\Faizaan\AlzhimersData\MSD Dataset\Task04_Hippocampus\Processed\imagesTr\hippocampus_096.nii,D:\Faizaan\AlzhimersData\MSD Dataset\Task04_Hippocampus\Processed\labelsTr\hippocampus_096.nii,train
hippocampus_334,D:\Faizaan\AlzhimersData\MSD Dataset\Task04_Hippocampus\Processed\imagesTr\hippocampus_334.nii,D:\Faizaan\AlzhimersData\MSD Dataset\Task04_Hippocampus\Processed\labelsTr\hippocampus_334.nii,train
hippocampus_084,D:\Faizaan\AlzhimersData\MSD Dataset\Task04_Hippocampus\Processed\imagesTr\hippocampus_084.nii,D:\Faizaan\AlzhimersData\MSD Dataset\Task04_Hippocampus\Processed\labelsTr\hippocampus_084.nii,train
hippocampus_148,D:\Faizaan\AlzhimersData\MSD Dataset\Task04_Hippocampus\Processed\imagesTr\hippocampus_148.nii,D:\Faizaan\AlzhimersData\MSD Dataset\Task04_Hippocampus\Processed\labelsTr\hippocampus_148.nii,train
hippocampus_038,D:\Faizaan\AlzhimersData\MSD Dataset\Task04_Hippocampus\Processed\imagesTr\hippocampus_038.nii,D:\Faizaan\AlzhimersData\MSD Dataset\Task04_Hippocampus\Processed\labelsTr\hippocampus_038.nii,train
hippocampus_095,D:\Faizaan\AlzhimersData\MSD Dataset\Task04_Hippocampus\Processed\imagesTr\hippocampus_095.nii,D:\Faizaan\AlzhimersData\MSD Dataset\Task04_Hippocampus\Processed\labelsTr\hippocampus_095.nii,train
hippocampus_317,D:\Faizaan\AlzhimersData\MSD Dataset\Task04_Hippocampus\Processed\imagesTr\hippocampus_317.nii,D:\Faizaan\AlzhimersData\MSD Dataset\Task04_Hippocampus\Processed\labelsTr\hippocampus_317.nii,train
hippocampus_250,D:\Faizaan\AlzhimersData\MSD Dataset\Task04_Hippocampus\Processed\imagesTr\hippocampus_250.nii,D:\Faizaan\AlzhimersData\MSD Dataset\Task04_Hippocampus\Processed\labelsTr\hippocampus_250.nii,train
hippocampus_387,D:\Faizaan\AlzhimersData\MSD Dataset\Task04_Hippocampus\Processed\imagesTr\hippocampus_387.nii,D:\Faizaan\AlzhimersData\MSD Dataset\Task04_Hippocampus\Processed\labelsTr\hippocampus_387.nii,train
hippocampus_296,D:\Faizaan\AlzhimersData\MSD Dataset\Task04_Hippocampus\Processed\imagesTr\hippocampus_296.nii,D:\Faizaan\AlzhimersData\MSD Dataset\Task04_Hippocampus\Processed\labelsTr\hippocampus_296.nii,train
hippocampus_300,D:\Faizaan\AlzhimersData\MSD Dataset\Task04_Hippocampus\Processed\imagesTr\hippocampus_300.nii,D:\Faizaan\AlzhimersData\MSD Dataset\Task04_Hippocampus\Processed\labelsTr\hippocampus_300.nii,train
hippocampus_207,D:\Faizaan\AlzhimersData\MSD Dataset\Task04_Hippocampus\Processed\imagesTr\hippocampus_207.nii,D:\Faizaan\AlzhimersData\MSD Dataset\Task04_Hippocampus\Processed\labelsTr\hippocampus_207.nii,train
hippocampus_058,D:\Faizaan\AlzhimersData\MSD Dataset\Task04_Hippocampus\Processed\imagesTr\hippocampus_058.nii,D:\Faizaan\AlzhimersData\MSD Dataset\Task04_Hippocampus\Processed\labelsTr\hippocampus_058.nii,train
hippocampus_245,D:\Faizaan\AlzhimersData\MSD Dataset\Task04_Hippocampus\Processed\imagesTr\hippocampus_245.nii,D:\Faizaan\AlzhimersData\MSD Dataset\Task04_Hippocampus\Processed\labelsTr\hippocampus_245.nii,train
hippocampus_358,D:\Faizaan\AlzhimersData\MSD Dataset\Task04_Hippocampus\Processed\imagesTr\hippocampus_358.nii,D:\Faizaan\AlzhimersData\MSD Dataset\Task04_Hippocampus\Processed\labelsTr\hippocampus_358.nii,train
hippocampus_376,D:\Faizaan\AlzhimersData\MSD Dataset\Task04_Hippocampus\Processed\imagesTr\hippocampus_376.nii,D:\Faizaan\AlzhimersData\MSD Dataset\Task04_Hippocampus\Processed\labelsTr\hippocampus_376.nii,train
hippocampus_003,D:\Faizaan\AlzhimersData\MSD Dataset\Task04_Hippocampus\Processed\imagesTr\hippocampus_003.nii,D:\Faizaan\AlzhimersData\MSD Dataset\Task04_Hippocampus\Processed\labelsTr\hippocampus_003.nii,train
hippocampus_090,D:\Faizaan\AlzhimersData\MSD Dataset\Task04_Hippocampus\Processed\imagesTr\hippocampus_090.nii,D:\Faizaan\AlzhimersData\MSD Dataset\Task04_Hippocampus\Processed\labelsTr\hippocampus_090.nii,train
hippocampus_233,D:\Faizaan\AlzhimersData\MSD Dataset\Task04_Hippocampus\Processed\imagesTr\hippocampus_233.nii,D:\Faizaan\AlzhimersData\MSD Dataset\Task04_Hippocampus\Processed\labelsTr\hippocampus_233.nii,train
hippocampus_210,D:\Faizaan\AlzhimersData\MSD Dataset\Task04_Hippocampus\Processed\imagesTr\hippocampus_210.nii,D:\Faizaan\AlzhimersData\MSD Dataset\Task04_Hippocampus\Processed\labelsTr\hippocampus_210.nii,train
hippocampus_235,D:\Faizaan\AlzhimersData\MSD Dataset\Task04_Hippocampus\Processed\imagesTr\hippocampus_235.nii,D:\Faizaan\AlzhimersData\MSD Dataset\Task04_Hippocampus\Processed\labelsTr\hippocampus_235.nii,train
hippocampus_166,D:\Faizaan\AlzhimersData\MSD Dataset\Task04_Hippocampus\Processed\imagesTr\hippocampus_166.nii,D:\Faizaan\AlzhimersData\MSD Dataset\Task04_Hippocampus\Processed\labelsTr\hippocampus_166.nii,train
hippocampus_162,D:\Faizaan\AlzhimersData\MSD Dataset\Task04_Hippocampus\Processed\imagesTr\hippocampus_162.nii,D:\Faizaan\AlzhimersData\MSD Dataset\Task04_Hippocampus\Processed\labelsTr\hippocampus_162.nii,train
hippocampus_184,D:\Faizaan\AlzhimersData\MSD Dataset\Task04_Hippocampus\Processed\imagesTr\hippocampus_184.nii,D:\Faizaan\AlzhimersData\MSD Dataset\Task04_Hippocampus\Processed\labelsTr\hippocampus_184.nii,train
hippocampus_146,D:\Faizaan\AlzhimersData\MSD Dataset\Task04_Hippocampus\Processed\imagesTr\hippocampus_146.nii,D:\Faizaan\AlzhimersData\MSD Dataset\Task04_Hippocampus\Processed\labelsTr\hippocampus_146.nii,train
hippocampus_316,D:\Faizaan\AlzhimersData\MSD Dataset\Task04_Hippocampus\Processed\imagesTr\hippocampus_316.nii,D:\Faizaan\AlzhimersData\MSD Dataset\Task04_Hippocampus\Processed\labelsTr\hippocampus_316.nii,train
hippocampus_126,D:\Faizaan\AlzhimersData\MSD Dataset\Task04_Hippocampus\Processed\imagesTr\hippocampus_126.nii,D:\Faizaan\AlzhimersData\MSD Dataset\Task04_Hippocampus\Processed\labelsTr\hippocampus_126.nii,train
hippocampus_330,D:\Faizaan\AlzhimersData\MSD Dataset\Task04_Hippocampus\Processed\imagesTr\hippocampus_330.nii,D:\Faizaan\AlzhimersData\MSD Dataset\Task04_Hippocampus\Processed\labelsTr\hippocampus_330.nii,train
hippocampus_326,D:\Faizaan\AlzhimersData\MSD Dataset\Task04_Hippocampus\Processed\imagesTr\hippocampus_326.nii,D:\Faizaan\AlzhimersData\MSD Dataset\Task04_Hippocampus\Processed\labelsTr\hippocampus_326.nii,train
hippocampus_193,D:\Faizaan\AlzhimersData\MSD Dataset\Task04_Hippocampus\Processed\imagesTr\hippocampus_193.nii,D:\Faizaan\AlzhimersData\MSD Dataset\Task04_Hippocampus\Processed\labelsTr\hippocampus_193.nii,train
hippocampus_394,D:\Faizaan\AlzhimersData\MSD Dataset\Task04_Hippocampus\Processed\imagesTr\hippocampus_394.nii,D:\Faizaan\AlzhimersData\MSD Dataset\Task04_Hippocampus\Processed\labelsTr\hippocampus_394.nii,train
hippocampus_037,D:\Faizaan\AlzhimersData\MSD Dataset\Task04_Hippocampus\Processed\imagesTr\hippocampus_037.nii,D:\Faizaan\AlzhimersData\MSD Dataset\Task04_Hippocampus\Processed\labelsTr\hippocampus_037.nii,train
hippocampus_297,D:\Faizaan\AlzhimersData\MSD Dataset\Task04_Hippocampus\Processed\imagesTr\hippocampus_297.nii,D:\Faizaan\AlzhimersData\MSD Dataset\Task04_Hippocampus\Processed\labelsTr\hippocampus_297.nii,train
hippocampus_123,D:\Faizaan\AlzhimersData\MSD Dataset\Task04_Hippocampus\Processed\imagesTr\hippocampus_123.nii,D:\Faizaan\AlzhimersData\MSD Dataset\Task04_Hippocampus\Processed\labelsTr\hippocampus_123.nii,train
hippocampus_171,D:\Faizaan\AlzhimersData\MSD Dataset\Task04_Hippocampus\Processed\imagesTr\hippocampus_171.nii,D:\Faizaan\AlzhimersData\MSD Dataset\Task04_Hippocampus\Processed\labelsTr\hippocampus_171.nii,train
hippocampus_165,D:\Faizaan\AlzhimersData\MSD Dataset\Task04_Hippocampus\Processed\imagesTr\hippocampus_165.nii,D:\Faizaan\AlzhimersData\MSD Dataset\Task04_Hippocampus\Processed\labelsTr\hippocampus_165.nii,train
hippocampus_199,D:\Faizaan\AlzhimersData\MSD Dataset\Task04_Hippocampus\Processed\imagesTr\hippocampus_199.nii,D:\Faizaan\AlzhimersData\MSD Dataset\Task04_Hippocampus\Processed\labelsTr\hippocampus_199.nii,val
hippocampus_294,D:\Faizaan\AlzhimersData\MSD Dataset\Task04_Hippocampus\Processed\imagesTr\hippocampus_294.nii,D:\Faizaan\AlzhimersData\MSD Dataset\Task04_Hippocampus\Processed\labelsTr\hippocampus_294.nii,val
hippocampus_011,D:\Faizaan\AlzhimersData\MSD Dataset\Task04_Hippocampus\Processed\imagesTr\hippocampus_011.nii,D:\Faizaan\AlzhimersData\MSD Dataset\Task04_Hippocampus\Processed\labelsTr\hippocampus_011.nii,val
hippocampus_178,D:\Faizaan\AlzhimersData\MSD Dataset\Task04_Hippocampus\Processed\imagesTr\hippocampus_178.nii,D:\Faizaan\AlzhimersData\MSD Dataset\Task04_Hippocampus\Processed\labelsTr\hippocampus_178.nii,val
hippocampus_017,D:\Faizaan\AlzhimersData\MSD Dataset\Task04_Hippocampus\Processed\imagesTr\hippocampus_017.nii,D:\Faizaan\AlzhimersData\MSD Dataset\Task04_Hippocampus\Processed\labelsTr\hippocampus_017.nii,val
hippocampus_106,D:\Faizaan\AlzhimersData\MSD Dataset\Task04_Hippocampus\Processed\imagesTr\hippocampus_106.nii,D:\Faizaan\AlzhimersData\MSD Dataset\Task04_Hippocampus\Processed\labelsTr\hippocampus_106.nii,val
hippocampus_274,D:\Faizaan\AlzhimersData\MSD Dataset\Task04_Hippocampus\Processed\imagesTr\hippocampus_274.nii,D:\Faizaan\AlzhimersData\MSD Dataset\Task04_Hippocampus\Processed\labelsTr\hippocampus_274.nii,val
hippocampus_328,D:\Faizaan\AlzhimersData\MSD Dataset\Task04_Hippocampus\Processed\imagesTr\hippocampus_328.nii,D:\Faizaan\AlzhimersData\MSD Dataset\Task04_Hippocampus\Processed\labelsTr\hippocampus_328.nii,val
hippocampus_203,D:\Faizaan\AlzhimersData\MSD Dataset\Task04_Hippocampus\Processed\imagesTr\hippocampus_203.nii,D:\Faizaan\AlzhimersData\MSD Dataset\Task04_Hippocampus\Processed\labelsTr\hippocampus_203.nii,val
hippocampus_107,D:\Faizaan\AlzhimersData\MSD Dataset\Task04_Hippocampus\Processed\imagesTr\hippocampus_107.nii,D:\Faizaan\AlzhimersData\MSD Dataset\Task04_Hippocampus\Processed\labelsTr\hippocampus_107.nii,val
hippocampus_223,D:\Faizaan\AlzhimersData\MSD Dataset\Task04_Hippocampus\Processed\imagesTr\hippocampus_223.nii,D:\Faizaan\AlzhimersData\MSD Dataset\Task04_Hippocampus\Processed\labelsTr\hippocampus_223.nii,val
hippocampus_141,D:\Faizaan\AlzhimersData\MSD Dataset\Task04_Hippocampus\Processed\imagesTr\hippocampus_141.nii,D:\Faizaan\AlzhimersData\MSD Dataset\Task04_Hippocampus\Processed\labelsTr\hippocampus_141.nii,val
hippocampus_320,D:\Faizaan\AlzhimersData\MSD Dataset\Task04_Hippocampus\Processed\imagesTr\hippocampus_320.nii,D:\Faizaan\AlzhimersData\MSD Dataset\Task04_Hippocampus\Processed\labelsTr\hippocampus_320.nii,val
hippocampus_075,D:\Faizaan\AlzhimersData\MSD Dataset\Task04_Hippocampus\Processed\imagesTr\hippocampus_075.nii,D:\Faizaan\AlzhimersData\MSD Dataset\Task04_Hippocampus\Processed\labelsTr\hippocampus_075.nii,val
hippocampus_234,D:\Faizaan\AlzhimersData\MSD Dataset\Task04_Hippocampus\Processed\imagesTr\hippocampus_234.nii,D:\Faizaan\AlzhimersData\MSD Dataset\Task04_Hippocampus\Processed\labelsTr\hippocampus_234.nii,val
hippocampus_127,D:\Faizaan\AlzhimersData\MSD Dataset\Task04_Hippocampus\Processed\imagesTr\hippocampus_127.nii,D:\Faizaan\AlzhimersData\MSD Dataset\Task04_Hippocampus\Processed\labelsTr\hippocampus_127.nii,val
hippocampus_160,D:\Faizaan\AlzhimersData\MSD Dataset\Task04_Hippocampus\Processed\imagesTr\hippocampus_160.nii,D:\Faizaan\AlzhimersData\MSD Dataset\Task04_Hippocampus\Processed\labelsTr\hippocampus_160.nii,val
hippocampus_286,D:\Faizaan\AlzhimersData\MSD Dataset\Task04_Hippocampus\Processed\imagesTr\hippocampus_286.nii,D:\Faizaan\AlzhimersData\MSD Dataset\Task04_Hippocampus\Processed\labelsTr\hippocampus_286.nii,val
hippocampus_248,D:\Faizaan\AlzhimersData\MSD Dataset\Task04_Hippocampus\Processed\imagesTr\hippocampus_248.nii,D:\Faizaan\AlzhimersData\MSD Dataset\Task04_Hippocampus\Processed\labelsTr\hippocampus_248.nii,val
hippocampus_259,D:\Faizaan\AlzhimersData\MSD Dataset\Task04_Hippocampus\Processed\imagesTr\hippocampus_259.nii,D:\Faizaan\AlzhimersData\MSD Dataset\Task04_Hippocampus\Processed\labelsTr\hippocampus_259.nii,val
hippocampus_125,D:\Faizaan\AlzhimersData\MSD Dataset\Task04_Hippocampus\Processed\imagesTr\hippocampus_125.nii,D:\Faizaan\AlzhimersData\MSD Dataset\Task04_Hippocampus\Processed\labelsTr\hippocampus_125.nii,val
hippocampus_329,D:\Faizaan\AlzhimersData\MSD Dataset\Task04_Hippocampus\Processed\imagesTr\hippocampus_329.nii,D:\Faizaan\AlzhimersData\MSD Dataset\Task04_Hippocampus\Processed\labelsTr\hippocampus_329.nii,val
hippocampus_228,D:\Faizaan\AlzhimersData\MSD Dataset\Task04_Hippocampus\Processed\imagesTr\hippocampus_228.nii,D:\Faizaan\AlzhimersData\MSD Dataset\Task04_Hippocampus\Processed\labelsTr\hippocampus_228.nii,val
hippocampus_220,D:\Faizaan\AlzhimersData\MSD Dataset\Task04_Hippocampus\Processed\imagesTr\hippocampus_220.nii,D:\Faizaan\AlzhimersData\MSD Dataset\Task04_Hippocampus\Processed\labelsTr\hippocampus_220.nii,val
hippocampus_135,D:\Faizaan\AlzhimersData\MSD Dataset\Task04_Hippocampus\Processed\imagesTr\hippocampus_135.nii,D:\Faizaan\AlzhimersData\MSD Dataset\Task04_Hippocampus\Processed\labelsTr\hippocampus_135.nii,val
hippocampus_224,D:\Faizaan\AlzhimersData\MSD Dataset\Task04_Hippocampus\Processed\imagesTr\hippocampus_224.nii,D:\Faizaan\AlzhimersData\MSD Dataset\Task04_Hippocampus\Processed\labelsTr\hippocampus_224.nii,val
hippocampus_174,D:\Faizaan\AlzhimersData\MSD Dataset\Task04_Hippocampus\Processed\imagesTr\hippocampus_174.nii,D:\Faizaan\AlzhimersData\MSD Dataset\Task04_Hippocampus\Processed\labelsTr\hippocampus_174.nii,val
hippocampus_019,D:\Faizaan\AlzhimersData\MSD Dataset\Task04_Hippocampus\Processed\imagesTr\hippocampus_019.nii,D:\Faizaan\AlzhimersData\MSD Dataset\Task04_Hippocampus\Processed\labelsTr\hippocampus_019.nii,val
hippocampus_026,D:\Faizaan\AlzhimersData\MSD Dataset\Task04_Hippocampus\Processed\imagesTr\hippocampus_026.nii,D:\Faizaan\AlzhimersData\MSD Dataset\Task04_Hippocampus\Processed\labelsTr\hippocampus_026.nii,val
hippocampus_288,D:\Faizaan\AlzhimersData\MSD Dataset\Task04_Hippocampus\Processed\imagesTr\hippocampus_288.nii,D:\Faizaan\AlzhimersData\MSD Dataset\Task04_Hippocampus\Processed\labelsTr\hippocampus_288.nii,val
hippocampus_098,D:\Faizaan\AlzhimersData\MSD Dataset\Task04_Hippocampus\Processed\imagesTr\hippocampus_098.nii,D:\Faizaan\AlzhimersData\MSD Dataset\Task04_Hippocampus\Processed\labelsTr\hippocampus_098.nii,val
hippocampus_189,D:\Faizaan\AlzhimersData\MSD Dataset\Task04_Hippocampus\Processed\imagesTr\hippocampus_189.nii,D:\Faizaan\AlzhimersData\MSD Dataset\Task04_Hippocampus\Processed\labelsTr\hippocampus_189.nii,val
hippocampus_340,D:\Faizaan\AlzhimersData\MSD Dataset\Task04_Hippocampus\Processed\imagesTr\hippocampus_340.nii,D:\Faizaan\AlzhimersData\MSD Dataset\Task04_Hippocampus\Processed\labelsTr\hippocampus_340.nii,val
hippocampus_314,D:\Faizaan\AlzhimersData\MSD Dataset\Task04_Hippocampus\Processed\imagesTr\hippocampus_314.nii,D:\Faizaan\AlzhimersData\MSD Dataset\Task04_Hippocampus\Processed\labelsTr\hippocampus_314.nii,val
hippocampus_180,D:\Faizaan\AlzhimersData\MSD Dataset\Task04_Hippocampus\Processed\imagesTr\hippocampus_180.nii,D:\Faizaan\AlzhimersData\MSD Dataset\Task04_Hippocampus\Processed\labelsTr\hippocampus_180.nii,val
hippocampus_289,D:\Faizaan\AlzhimersData\MSD Dataset\Task04_Hippocampus\Processed\imagesTr\hippocampus_289.nii,D:\Faizaan\AlzhimersData\MSD Dataset\Task04_Hippocampus\Processed\labelsTr\hippocampus_289.nii,val
hippocampus_295,D:\Faizaan\AlzhimersData\MSD Dataset\Task04_Hippocampus\Processed\imagesTr\hippocampus_295.nii,D:\Faizaan\AlzhimersData\MSD Dataset\Task04_Hippocampus\Processed\labelsTr\hippocampus_295.nii,val
hippocampus_299,D:\Faizaan\AlzhimersData\MSD Dataset\Task04_Hippocampus\Processed\imagesTr\hippocampus_299.nii,D:\Faizaan\AlzhimersData\MSD Dataset\Task04_Hippocampus\Processed\labelsTr\hippocampus_299.nii,val
hippocampus_319,D:\Faizaan\AlzhimersData\MSD Dataset\Task04_Hippocampus\Processed\imagesTr\hippocampus_319.nii,D:\Faizaan\AlzhimersData\MSD Dataset\Task04_Hippocampus\Processed\labelsTr\hippocampus_319.nii,val
hippocampus_052,D:\Faizaan\AlzhimersData\MSD Dataset\Task04_Hippocampus\Processed\imagesTr\hippocampus_052.nii,D:\Faizaan\AlzhimersData\MSD Dataset\Task04_Hippocampus\Processed\labelsTr\hippocampus_052.nii,test
hippocampus_049,D:\Faizaan\AlzhimersData\MSD Dataset\Task04_Hippocampus\Processed\imagesTr\hippocampus_049.nii,D:\Faizaan\AlzhimersData\MSD Dataset\Task04_Hippocampus\Processed\labelsTr\hippocampus_049.nii,test
hippocampus_305,D:\Faizaan\AlzhimersData\MSD Dataset\Task04_Hippocampus\Processed\imagesTr\hippocampus_305.nii,D:\Faizaan\AlzhimersData\MSD Dataset\Task04_Hippocampus\Processed\labelsTr\hippocampus_305.nii,test
hippocampus_132,D:\Faizaan\AlzhimersData\MSD Dataset\Task04_Hippocampus\Processed\imagesTr\hippocampus_132.nii,D:\Faizaan\AlzhimersData\MSD Dataset\Task04_Hippocampus\Processed\labelsTr\hippocampus_132.nii,test
hippocampus_041,D:\Faizaan\AlzhimersData\MSD Dataset\Task04_Hippocampus\Processed\imagesTr\hippocampus_041.nii,D:\Faizaan\AlzhimersData\MSD Dataset\Task04_Hippocampus\Processed\labelsTr\hippocampus_041.nii,test
hippocampus_225,D:\Faizaan\AlzhimersData\MSD Dataset\Task04_Hippocampus\Processed\imagesTr\hippocampus_225.nii,D:\Faizaan\AlzhimersData\MSD Dataset\Task04_Hippocampus\Processed\labelsTr\hippocampus_225.nii,test
hippocampus_359,D:\Faizaan\AlzhimersData\MSD Dataset\Task04_Hippocampus\Processed\imagesTr\hippocampus_359.nii,D:\Faizaan\AlzhimersData\MSD Dataset\Task04_Hippocampus\Processed\labelsTr\hippocampus_359.nii,test
hippocampus_327,D:\Faizaan\AlzhimersData\MSD Dataset\Task04_Hippocampus\Processed\imagesTr\hippocampus_327.nii,D:\Faizaan\AlzhimersData\MSD Dataset\Task04_Hippocampus\Processed\labelsTr\hippocampus_327.nii,test
hippocampus_261,D:\Faizaan\AlzhimersData\MSD Dataset\Task04_Hippocampus\Processed\imagesTr\hippocampus_261.nii,D:\Faizaan\AlzhimersData\MSD Dataset\Task04_Hippocampus\Processed\labelsTr\hippocampus_261.nii,test
hippocampus_374,D:\Faizaan\AlzhimersData\MSD Dataset\Task04_Hippocampus\Processed\imagesTr\hippocampus_374.nii,D:\Faizaan\AlzhimersData\MSD Dataset\Task04_Hippocampus\Processed\labelsTr\hippocampus_374.nii,test
hippocampus_060,D:\Faizaan\AlzhimersData\MSD Dataset\Task04_Hippocampus\Processed\imagesTr\hippocampus_060.nii,D:\Faizaan\AlzhimersData\MSD Dataset\Task04_Hippocampus\Processed\labelsTr\hippocampus_060.nii,test
hippocampus_036,D:\Faizaan\AlzhimersData\MSD Dataset\Task04_Hippocampus\Processed\imagesTr\hippocampus_036.nii,D:\Faizaan\AlzhimersData\MSD Dataset\Task04_Hippocampus\Processed\labelsTr\hippocampus_036.nii,test
hippocampus_190,D:\Faizaan\AlzhimersData\MSD Dataset\Task04_Hippocampus\Processed\imagesTr\hippocampus_190.nii,D:\Faizaan\AlzhimersData\MSD Dataset\Task04_Hippocampus\Processed\labelsTr\hippocampus_190.nii,test
hippocampus_033,D:\Faizaan\AlzhimersData\MSD Dataset\Task04_Hippocampus\Processed\imagesTr\hippocampus_033.nii,D:\Faizaan\AlzhimersData\MSD Dataset\Task04_Hippocampus\Processed\labelsTr\hippocampus_033.nii,test
hippocampus_336,D:\Faizaan\AlzhimersData\MSD Dataset\Task04_Hippocampus\Processed\imagesTr\hippocampus_336.nii,D:\Faizaan\AlzhimersData\MSD Dataset\Task04_Hippocampus\Processed\labelsTr\hippocampus_336.nii,test
hippocampus_035,D:\Faizaan\AlzhimersData\MSD Dataset\Task04_Hippocampus\Processed\imagesTr\hippocampus_035.nii,D:\Faizaan\AlzhimersData\MSD Dataset\Task04_Hippocampus\Processed\labelsTr\hippocampus_035.nii,test
hippocampus_350,D:\Faizaan\AlzhimersData\MSD Dataset\Task04_Hippocampus\Processed\imagesTr\hippocampus_350.nii,D:\Faizaan\AlzhimersData\MSD Dataset\Task04_Hippocampus\Processed\labelsTr\hippocampus_350.nii,test
hippocampus_345,D:\Faizaan\AlzhimersData\MSD Dataset\Task04_Hippocampus\Processed\imagesTr\hippocampus_345.nii,D:\Faizaan\AlzhimersData\MSD Dataset\Task04_Hippocampus\Processed\labelsTr\hippocampus_345.nii,test
hippocampus_280,D:\Faizaan\AlzhimersData\MSD Dataset\Task04_Hippocampus\Processed\imagesTr\hippocampus_280.nii,D:\Faizaan\AlzhimersData\MSD Dataset\Task04_Hippocampus\Processed\labelsTr\hippocampus_280.nii,test
hippocampus_393,D:\Faizaan\AlzhimersData\MSD Dataset\Task04_Hippocampus\Processed\imagesTr\hippocampus_393.nii,D:\Faizaan\AlzhimersData\MSD Dataset\Task04_Hippocampus\Processed\labelsTr\hippocampus_393.nii,test
hippocampus_164,D:\Faizaan\AlzhimersData\MSD Dataset\Task04_Hippocampus\Processed\imagesTr\hippocampus_164.nii,D:\Faizaan\AlzhimersData\MSD Dataset\Task04_Hippocampus\Processed\labelsTr\hippocampus_164.nii,test
hippocampus_158,D:\Faizaan\AlzhimersData\MSD Dataset\Task04_Hippocampus\Processed\imagesTr\hippocampus_158.nii,D:\Faizaan\AlzhimersData\MSD Dataset\Task04_Hippocampus\Processed\labelsTr\hippocampus_158.nii,test
hippocampus_181,D:\Faizaan\AlzhimersData\MSD Dataset\Task04_Hippocampus\Processed\imagesTr\hippocampus_181.nii,D:\Faizaan\AlzhimersData\MSD Dataset\Task04_Hippocampus\Processed\labelsTr\hippocampus_181.nii,test
hippocampus_375,D:\Faizaan\AlzhimersData\MSD Dataset\Task04_Hippocampus\Processed\imagesTr\hippocampus_375.nii,D:\Faizaan\AlzhimersData\MSD Dataset\Task04_Hippocampus\Processed\labelsTr\hippocampus_375.nii,test
hippocampus_154,D:\Faizaan\AlzhimersData\MSD Dataset\Task04_Hippocampus\Processed\imagesTr\hippocampus_154.nii,D:\Faizaan\AlzhimersData\MSD Dataset\Task04_Hippocampus\Processed\labelsTr\hippocampus_154.nii,test
hippocampus_368,D:\Faizaan\AlzhimersData\MSD Dataset\Task04_Hippocampus\Processed\imagesTr\hippocampus_368.nii,D:\Faizaan\AlzhimersData\MSD Dataset\Task04_Hippocampus\Processed\labelsTr\hippocampus_368.nii,test
hippocampus_042,D:\Faizaan\AlzhimersData\MSD Dataset\Task04_Hippocampus\Processed\imagesTr\hippocampus_042.nii,D:\Faizaan\AlzhimersData\MSD Dataset\Task04_Hippocampus\Processed\labelsTr\hippocampus_042.nii,test
hippocampus_108,D:\Faizaan\AlzhimersData\MSD Dataset\Task04_Hippocampus\Processed\imagesTr\hippocampus_108.nii,D:\Faizaan\AlzhimersData\MSD Dataset\Task04_Hippocampus\Processed\labelsTr\hippocampus_108.nii,test
hippocampus_150,D:\Faizaan\AlzhimersData\MSD Dataset\Task04_Hippocampus\Processed\imagesTr\hippocampus_150.nii,D:\Faizaan\AlzhimersData\MSD Dataset\Task04_Hippocampus\Processed\labelsTr\hippocampus_150.nii,test
hippocampus_226,D:\Faizaan\AlzhimersData\MSD Dataset\Task04_Hippocampus\Processed\imagesTr\hippocampus_226.nii,D:\Faizaan\AlzhimersData\MSD Dataset\Task04_Hippocampus\Processed\labelsTr\hippocampus_226.nii,test
hippocampus_242,D:\Faizaan\AlzhimersData\MSD Dataset\Task04_Hippocampus\Processed\imagesTr\hippocampus_242.nii,D:\Faizaan\AlzhimersData\MSD Dataset\Task04_Hippocampus\Processed\labelsTr\hippocampus_242.nii,test
hippocampus_263,D:\Faizaan\AlzhimersData\MSD Dataset\Task04_Hippocampus\Processed\imagesTr\hippocampus_263.nii,D:\Faizaan\AlzhimersData\MSD Dataset\Task04_Hippocampus\Processed\labelsTr\hippocampus_263.nii,test
hippocampus_360,D:\Faizaan\AlzhimersData\MSD Dataset\Task04_Hippocampus\Processed\imagesTr\hippocampus_360.nii,D:\Faizaan\AlzhimersData\MSD Dataset\Task04_Hippocampus\Processed\labelsTr\hippocampus_360.nii,test
hippocampus_176,D:\Faizaan\AlzhimersData\MSD Dataset\Task04_Hippocampus\Processed\imagesTr\hippocampus_176.nii,D:\Faizaan\AlzhimersData\MSD Dataset\Task04_Hippocampus\Processed\labelsTr\hippocampus_176.nii,test
hippocampus_169,D:\Faizaan\AlzhimersData\MSD Dataset\Task04_Hippocampus\Processed\imagesTr\hippocampus_169.nii,D:\Faizaan\AlzhimersData\MSD Dataset\Task04_Hippocampus\Processed\labelsTr\hippocampus_169.nii,test
hippocampus_351,D:\Faizaan\AlzhimersData\MSD Dataset\Task04_Hippocampus\Processed\imagesTr\hippocampus_351.nii,D:\Faizaan\AlzhimersData\MSD Dataset\Task04_Hippocampus\Processed\labelsTr\hippocampus_351.nii,test
hippocampus_077,D:\Faizaan\AlzhimersData\MSD Dataset\Task04_Hippocampus\Processed\imagesTr\hippocampus_077.nii,D:\Faizaan\AlzhimersData\MSD Dataset\Task04_Hippocampus\Processed\labelsTr\hippocampus_077.nii,test
hippocampus_093,D:\Faizaan\AlzhimersData\MSD Dataset\Task04_Hippocampus\Processed\imagesTr\hippocampus_093.nii,D:\Faizaan\AlzhimersData\MSD Dataset\Task04_Hippocampus\Processed\labelsTr\hippocampus_093.nii,test
hippocampus_318,D:\Faizaan\AlzhimersData\MSD Dataset\Task04_Hippocampus\Processed\imagesTr\hippocampus_318.nii,D:\Faizaan\AlzhimersData\MSD Dataset\Task04_Hippocampus\Processed\labelsTr\hippocampus_318.nii,test
